{"weight": {"shape": [1, 3, 1], "values": [0.17652559280395508, 0.34266090393066406, 0.03009575605392456]}, "bias": {"shape": [1], "values": [-0.1885731816291809]}}