{"input_conv": {"weight": {"shape": [14, 7, 3], "values": [0.12053696811199188, 0.10325612127780914, -0.05552104115486145, 0.13541831076145172, -0.11439293622970581, -0.10167486220598221, 0.165782168507576, -0.12778010964393616, -0.1371305137872696, 0.02784009277820587, 0.14904887974262238, -0.0030625760555267334, -0.12520192563533783, 0.17158247530460358, -0.11634140461683273, -0.012205660343170166, -0.15197384357452393, -0.18582867085933685, 0.12822051346302032, -0.11123870313167572, 0.14943580329418182, -0.18027031421661377, -0.04839111864566803, -0.09801264107227325, 0.05084817111492157, -0.14428463578224182, -0.02111583948135376, -0.1397416889667511, 0.21613048017024994, -0.06204959750175476, 0.12131406366825104, 0.06771169602870941, -0.144333153963089, 0.010147228837013245, 0.08959241211414337, 0.027000531554222107, -0.048659950494766235, -0.0937691405415535, -0.2063024938106537, -0.21697832643985748, -0.15259744226932526, -0.04976196587085724, 0.14242543280124664, 0.16802625358104706, 0.04318778216838837, -0.17576438188552856, 0.06040214002132416, -0.10063598304986954, 0.18707557022571564, -0.1767330914735794, -0.08217282593250275, 0.05578558146953583, 0.16732825338840485, -0.21665099263191223, 0.20579896867275238, -0.10868100076913834, 0.1330515295267105, -0.15738406777381897, 0.03578965365886688, 0.058433935046195984, -0.12075234949588776, 0.10581324994564056, 0.08200331032276154, -0.01180461049079895, -0.03823569416999817, 0.011660724878311157, 0.07012219727039337, 0.1727627068758011, 0.20077042281627655, -0.21542476117610931, 0.009359896183013916, -0.07019160687923431, -0.03447337448596954, 0.17071746289730072, 0.1549915224313736, 0.08314736187458038, -0.06470882892608643, 0.002387687563896179, 0.17139394581317902, 0.0978909581899643, 0.19584225118160248, 0.21097244322299957, 0.052004650235176086, -0.11595739424228668, 0.09180893003940582, -0.1847144067287445, -0.03405369818210602, 0.14508675038814545, 0.17116029560565948, -0.13604304194450378, -0.06643182039260864, -0.07450126111507416, 0.10657395422458649, -0.04893413186073303, -0.18857979774475098, 0.16905681788921356, -0.1331099271774292, -0.21536950767040253, -0.019841507077217102, 0.09432683885097504, -0.1277632713317871, -0.010971128940582275, -0.14661404490470886, -0.06654997169971466, 0.09980075061321259, -0.14251556992530823, 0.04755114018917084, 0.09736455976963043, -0.16926315426826477, 0.14558444917201996, 0.0956752747297287, -0.21219928562641144, 0.041347697377204895, 0.08131296932697296, -0.004464477300643921, 0.18003953993320465, -0.06425195932388306, -0.18161378800868988, -0.04551136493682861, 0.018636643886566162, 0.04252944886684418, 0.18482182919979095, -0.17597696185112, 0.07082687318325043, -0.034945398569107056, -0.005319312214851379, 0.06464974582195282, -0.028868883848190308, -0.1898139864206314, 0.21507881581783295, -0.2034900039434433, -0.06230795383453369, 0.197266086935997, 0.04480777680873871, -0.05193422734737396, 0.03022506833076477, -0.008719682693481445, -0.06333091855049133, 0.19714190065860748, 0.19987700879573822, -0.12046877294778824, -0.12648090720176697, 0.1095789223909378, -0.14790120720863342, 0.05559982359409332, -0.09249691665172577, 0.03753860294818878, -0.004342079162597656, -0.04568219184875488, -0.1812714785337448, -0.15614327788352966, 0.11027096211910248, 0.17004479467868805, 0.12126056849956512, 0.20478753745555878, -0.15171554684638977, 0.19014905393123627, 0.11377881467342377, -0.12268653512001038, -0.09554920345544815, -0.05288435518741608, -0.11832283437252045, -0.18276140093803406, 0.14360855519771576, 0.03938572108745575, 0.09166015684604645, 0.16480307281017303, -0.08457764983177185, -0.16246315836906433, -0.022503584623336792, -0.15203648805618286, 0.18727050721645355, -0.1545850932598114, -0.0017057061195373535, 0.12589378654956818, -0.18579982221126556, 0.17881141602993011, -0.15260642766952515, -0.16683855652809143, 0.15085892379283905, -0.04135514795780182, 0.12070347368717194, -0.20042037963867188, -0.19990170001983643, 0.11285756528377533, -0.06733556091785431, 0.03271181881427765, 0.04057927429676056, -0.14562475681304932, 0.16380675137043, 0.12721885740756989, 0.10286591947078705, 0.01985350251197815, -0.034769073128700256, 0.07364736497402191, -0.09167800843715668, 0.06547097861766815, -0.024409934878349304, 0.1933041363954544, 0.09421814978122711, -0.16904272139072418, -0.11061159521341324, 0.027630969882011414, 0.0457560271024704, 0.09104742109775543, -0.18964068591594696, 0.01846425235271454, -0.15179097652435303, -0.1788593977689743, 0.049735233187675476, -0.013742908835411072, -0.025393828749656677, 0.041983649134635925, 0.09054963290691376, 0.057617977261543274, -0.040617793798446655, -0.07200682163238525, -0.020903274416923523, -0.09471988677978516, -0.1791212558746338, 0.08161948621273041, -0.10192190855741501, -0.04394450783729553, -0.20959267020225525, 0.18384410440921783, -0.06708280742168427, -0.05425107479095459, -0.19852226972579956, 0.00983533263206482, -0.16412851214408875, 0.17688025534152985, -0.06970547139644623, 0.07347007095813751, 0.11124555766582489, 0.05464501678943634, 0.02182602882385254, 0.129338338971138, 0.032522574067115784, 0.05619971454143524, -0.010394617915153503, 0.0767308920621872, 0.18316416442394257, 0.20746420323848724, -0.09246593713760376, -0.10710548609495163, -0.10281386226415634, -0.02383984625339508, 0.1115150898694992, -0.186832457780838, -0.1486574411392212, -0.1642952859401703, -0.19598615169525146, 0.04804529249668121, -0.17867808043956757, -0.21496257185935974, -0.033864498138427734, 0.15484829246997833, 0.20126180350780487, 0.10715018212795258, 0.1515984684228897, -0.06456612050533295, 0.06867377460002899, 0.16868214309215546, -0.11074431985616684, -0.18625155091285706, -0.1377405822277069, -0.14485904574394226, -0.09166614711284637, 0.022078707814216614, 0.1400393396615982, -0.029646113514900208, 0.06629551947116852, 0.04286332428455353, -0.13620811700820923, -0.15112650394439697, -0.04959686100482941, 0.02793772518634796, 0.09215669333934784, -0.12613698840141296, 0.10240985453128815, -0.147507905960083, 0.15077950060367584, -0.03356519341468811, -0.19875909388065338, -0.1869555115699768, -0.1655263602733612, -0.19466085731983185, 0.09018237888813019, 0.12297679483890533, -0.08271253108978271, 0.19509769976139069, 0.12903465330600739, 0.16213037073612213, 0.09659038484096527]}, "bias": {"shape": [14], "values": [-0.19644269347190857, -0.14923498034477234, 0.10256169736385345, 0.06236480176448822, 0.11223308742046356, -0.13701795041561127, 0.03386642038822174, 0.12551800906658173, -0.015906870365142822, -0.12540963292121887, -0.1312364786863327, 0.07099129259586334, 0.1639782339334488, -0.06273642182350159]}}, "output_conv": {"weight": {"shape": [7, 7, 1], "values": [0.07567852735519409, -0.0876539945602417, -0.2637936770915985, 0.22720888257026672, 0.21656951308250427, -0.019667595624923706, -0.20453618466854095, -0.2845880389213562, -0.3383581340312958, -0.09177422523498535, -0.05422258377075195, 0.014122754335403442, 0.06955596804618835, -0.33783596754074097, 0.14805570244789124, -0.17184966802597046, 0.08436346054077148, -0.2908897399902344, -0.001676708459854126, 0.19345274567604065, 0.0993259847164154, -0.006939798593521118, 0.32627132534980774, 0.3101944029331207, -0.138090580701828, 0.1850915253162384, 0.26398494839668274, -0.03174811601638794, 0.1033875048160553, 0.083123117685318, 0.31401345133781433, 0.16488102078437805, -0.2782687842845917, 0.21361908316612244, 0.04992315173149109, -0.0957854688167572, -0.18923595547676086, 0.3353804051876068, -0.3770957291126251, 0.29771044850349426, 0.3273107707500458, -0.13281437754631042, 0.33848389983177185, 0.028704464435577393, 0.21334782242774963, 0.19181182980537415, -0.14833538234233856, -0.061468660831451416, -0.06959208846092224]}, "bias": {"shape": [7],