{"conv": {"weight": {"shape": [11, 7, 1], "values": [0.07309964299201965, -0.3500438332557678, -0.24458101391792297, 0.362219899892807, 0.008565187454223633, 0.17726799845695496, 0.13037613034248352, 0.04708695411682129, -0.22947435081005096, -0.19923803210258484, -0.34972068667411804, 0.2368004024028778, -0.2793925404548645, 0.24695786833763123, 0.227426677942276, 0.15817078948020935, 0.26509466767311096, 0.20283934473991394, -0.34643101692199707, 0.19947299361228943, -0.174922913312912, -0.28325018286705017, 0.07092460989952087, -0.08440050482749939, 0.18021658062934875, 0.26985636353492737, -0.17922529578208923, -0.08773231506347656, 0.22559502720832825, -0.11963412165641785, 0.36073604226112366, -0.36419278383255005, 0.0038635730743408203, 0.14201048016548157, -0.0877184271812439, -0.15336161851882935, -0.077055424451828, -0.08703675866127014, 0.31462720036506653, 0.3126673400402069, -0.18866516649723053, 0.16890159249305725, -0.3733971416950226, 0.24098578095436096, -0.051398128271102905, 0.07959923148155212, -0.2290472537279129, -0.31231555342674255, 0.3284386694431305, 0.3098001778125763, -0.21762236952781677, -0.25816822052001953, 0.1555163562297821, 0.23006418347358704, -0.02693396806716919, -0.2790224552154541, -0.11713278293609619, -0.3441370725631714, -0.15730874240398407, -0.17261166870594025, 0.3084000051021576, 0.2378738820552826, 0.16015365719795227, 0.1823205053806305, 0.03348013758659363, 0.2816453278064728, 0.2821834981441498, 0.2975839674472809, 0.2947196662425995, -0.11615681648254395, 0.26727578043937683, -0.10559844970703125, -0.020456314086914062, -0.24120981991291046, 0.31970521807670593, 0.23127713799476624, 0.18215283751487732]}, "bias": {"shape": [11], "values": [0.04882317781448364, 0.13594898581504822, -0.3512217700481415, -0.07909274101257324, 0.27360859513282776, -0.05887514352798462, -0.2708742618560791, -0.2270168662071228, -0.007411211729049683, 0.006505757570266724, -0.1770179718732834]}}, "conv1": {"weight": {"shape": [11, 7, 3], "values": [0.017583057284355164, 0.21665506064891815, 0.1486092060804367, -0.0005137473344802856, 0.21364347636699677, 0.10765199363231659, 0.08045126497745514, -0.09015406668186188, 0.18050219118595123, -0.06774041056632996, -0.1834961622953415, -0.18665190041065216, 0.058405473828315735, 0.18794335424900055, 0.15711919963359833, -0.0008052289485931396, -0.1738862693309784, 0.2144003063440323, 0.1992831975221634, -0.13017725944519043, -0.07231317460536957, 0.1158708781003952, 0.1403585821390152, 0.03930206596851349, 0.21057693660259247, 0.074033722281456, 0.00870165228843689, 0.20282040536403656, -0.20008568465709686, -0.07600261270999908, 0.08398066461086273, 0.12200827896595001, 0.19025160372257233, 0.03175736963748932, 0.006643608212471008, -0.07184821367263794, 0.16306035220623016, 0.08134226500988007, -0.20067352056503296, 0.05698384344577789, 0.026356950402259827, 0.008084967732429504, -0.036142781376838684, 0.20732487738132477, -0.12615233659744263, -0.08358648419380188, -0.04736475646495819, -0.05378556251525879, -0.20410239696502686, -0.004084393382072449, -0.19535166025161743, -0.17165037989616394, 0.12268365919589996, -0.13305312395095825, -0.08563525974750519, -0.11467617005109787, -0.1324676275253296, -0.14294928312301636, -0.16428077220916748, -0.0632910430431366, -0.03831246495246887, 0.010711565613746643, 0.11012335121631622, -0.1287791132926941, 0.12882937490940094, 0.16210104525089264, 0.014984697103500366, 0.19636668264865875, -0.056321680545806885, 0.1256055384874344, -0.13208037614822388, -0.09766437113285065, -0.18973617255687714, -0.19287118315696716, -0.1744122952222824, 0.17306308448314667, -0.1669282615184784, -0.1958846002817154, -0.051663145422935486, 0.06760494410991669, 0.07372091710567474, 0.1331828385591507, 0.09328193962574005, -0.04858006536960602, -0.10309925675392151, -0.053845733404159546, -0.08901901543140411, -0.19334696233272552, -0.1224595457315445, 0.1358957439661026, 0.08368964493274689, 0.04287894070148468, 0.11056829988956451, 0.133950337767601, -0.08964772522449493, 0.0348801463842392, 0.19907502830028534, -0.13618028163909912, -0.19282588362693787, 0.0602695494890213, 0.13929028809070587, -0.18228939175605774, -0.17336511611938477, -0.11962903290987015, 0.05019979178905487, 0.20875154435634613, -0.03328286111354828, 0.11346350610256195, -0.06755323708057404, -0.025505244731903076, -0.12089589238166809, -0.049498990178108215, -0.04934605956077576, -0.0232057124376297, -0.025752156972885132, -0.17419439554214478, -0.057292357087135315, -0.12660306692123413, 0.041486844420433044, -0.029965996742248535, -0.05907592177391052, 0.1759621948003769, -0.12409691512584686, 0.022874772548675537, 0.05008397996425629, 0.03063499927520752, 0.02135591208934784, 0.11344064772129059, -0.1462937742471695, 0.12869156897068024, 0.189506396651268, -0.07271094620227814, -0.1609785556793213, 0.014147892594337463, -0.17538437247276306, 0.04984267055988312, -0.015559747815132141, 0.07258744537830353, 0.09195537865161896, -0.19131730496883392, -0.06901143491268158, 0.09044845402240753, 0.1241903156042099, 0.13895733654499054, -0.17329981923103333, 0.07700802385807037, -0.11151304841041565, -0.1610327959060669, 0.21392802894115448, 0.19024957716464996, 0.08281607925891876, -0.08450442552566528, 0.025691449642181396, -0.11841575801372528, 0.008694082498550415, 0.18225489556789398, -0.05642940104007721, -0.019158124923706055, -0.16538013517856598, -0.1794474869966507, 0.15628878772258759, -0.12848228216171265, 0.01616467535495758, 0.2165486365556717, 0.20930762588977814, 0.06251467764377594, 0.20222266018390656, 0.006764426827430725, -0.1832524985074997, -0.1932847946882248, -0.10767988860607147, -0.10018456727266312, -0.14868736267089844, -0.1461101770401001, 0.09970374405384064, 0.021051689982414246, -0.053231656551361084, -0.13953645527362823, 0.03276960551738739, -0.043708547949790955, -0.021534547209739685, 0.13250042498111725, 0.21600578725337982, 0.04180152714252472, -0.09543630480766296, 0.04750250279903412, 0.12017829716205597, 0.17955707013607025, 0.1818695217370987, 0.09450133144855499, -0.012158945202827454, 0.09334053099155426, -0.16584812104701996, 0.199076309800148, -0.04396800696849823, -0.05620566010475159, 0.1843102127313614, 0.1928955465555191, -0.10799041390419006, -0.052070870995521545, -0.1524827778339386, 0.10709308087825775, -0.1208505779504776, -0.20231668651103973, -0.03062412142753601, 0.1028982549905777, 0.09649504721164703, 0.10644121468067169, -0.19128502905368805, 0.11440272629261017, -0.2150253802537918, 0.1292046755552292, 0.16009138524532318, -0.14934709668159485, 0.06282936036586761, -0.14941439032554626, -0.21291790902614594, 0.12941937148571014, 0.029147565364837646, 0.20296113193035126, 0.13526149094104767, -0.09791261702775955, 0.022036686539649963, 0.13981251418590546, -0.12379109859466553, -0.09180699288845062, -0.20524311065673828, -0.0025114119052886963, -0.13113537430763245, -0.1283993124961853, -0.19076848030090332]}, "bias": {"shape": [11], "values": [0.18259961903095245, 0.09816013276576996, 0.18596981465816498, 0.11552001535892487, -0.1563168168067932, -0.007018566131591797, 0.19713716208934784, 0.210530623793602, -0.1721128523349762, -0.040273502469062805, -0.15180286765098572]}}, "conv2": {"weight": {"shape": [11, 11, 3],